,term
0,British Fashion Council
1,Walter Weldon
2,Concrete ship
3,Palacio de los Concejos
4,"De Queen, Arkansas"
5,Jacques La Ramee
6,Eucalyptus taurina
7,Protyre
8,Syed Mohammad Zaman
9,Ger Millerick
10,Cowbridge Grammar School
11,Herr Holger
12,Vicki Caroline Cheatwood
13,GRT Group
14,Kenny Winfree
15,Arthur Kennedy
16,Common remora
17,Francis-André Wollman
18,Dinefwr Park National Nature Reserve
19,Action of August 1702
20,Carnegie Library of Washington D.C.
21,Grad PLUS
22,Richard Ben-Veniste
23,New Kingdom of Egypt
24,Arn Anderson
25,WHLQ
26,Sublime with Rome
27,Frode Holstad Hansen
28,George E. Archer
29,Robert Lyons (writer)
30,"Bang Nam Chuet, Samut Sakhon"
31,"Height of Land Township, Becker County, Minnesota"
32,Robert Kocharyan
33,2021 Campeonato Brasileiro de Futebol Feminino Série A2
34,Vidivelli
35,KCTS-TV
36,1986 in Germany
37,Nebula Awards Showcase 2013
38,Quark (company)
39,O'Donel Levy
40,Gita Dhyanam
41,Toplica Uprising
42,Tommy McGuigan
43,John Smith (basketball coach)
44,Larry Charles
45,Albert F. Mummery
46,List of DC Universe locations
47,Institute for Research on Learning
48,Dragon Blade (film)
49,Seafarer 45
50,Execute Direct Access Program
51,Cortec Group
52,William de la Roche (lord of Veligosti)
53,270th Engineering Installation Squadron
54,Argon oxygen decarburization
55,Oxybelis aeneus
56,Jae Kingi-Cross
57,Shane McClanahan
58,Magister (application)
59,Ulitsa Starokachalovskaya
60,Flightless cormorant
61,Jim Clack
62,Thuwaybah
63,Heather Petri
64,Vezina Trophy
65,"Basilica of The National Shrine of Our Lady of Fatima (Lewiston, New York)"
66,Catherine Wagner (artist)
67,Andreas Wank
68,"Westville, Indiana"
69,ʻĀhuimanu
70,Phebalium obovatum
71,Blattla
72,Laurence Whitaker
73,Crimean Submediterranean forest complex
74,Schengen Information System
75,Øvre Pasvik National Park
76,Spicers Gap Road Conservation Park
77,The Blind Man in the Bleachers
78,Underdetermined system
79,Social Blade
80,Persecution of gay and bisexual men by the Islamic State
81,Dave Glinka
82,Where the Lost Ones Go
83,Conatus
84,Battle of Czarnowo
85,Maggie Campbell-Culver
86,Johannes Scherbius
87,Ig Castle
88,Nano-interfaces in bone
89,Northwest Dallas
90,Phil Hoadley
91,List of birds of the Virgin Islands
92,1936–1937 Iraqi parliamentary election
93,Susan Shadburne
94,James M. Todd
95,Margaret Cooper (singer)
96,Alois Riedler
97,"Say, You Haven't Sacrificed at All! (March)"
98,Calvin Brock (basketball)
99,Tony Jeffries
100,Burhar
101,Evelyn Lear
102,Il marchio di Kriminal
103,Tamar Herzig
104,Manny Matos (soccer)
105,Adrian Mathias
106,Waddon Hill
107,"Pont Vell, Santa Eulària des Riu"
108,Mike Murphy (Washington politician)
109,Right to Internet access
110,July 9 (Eastern Orthodox liturgics)
111,"Company D, 2nd Virginia Infantry"
112,Will Swenson (actor)
113,Vaagai Sooda Vaa
114,WIOZ-FM
115,Clarke Garrison
116,Bernard II of Werle
117,2021–22 PSA World Tour
118,Union Church (Australia)
119,Kulsoom Nawaz
120,Richard Roland Holst
121,Tetris (Game Boy video game)
122,Vladan Desnica
123,Container-based sanitation
124,Mockito
125,Sébastien Boucksom
126,1979 South Pacific Games
127,2014 IPSC Handgun World Shoot
128,Impelsys
129,Carl Friedberg
130,Lorraine 12D
131,Burak Demirboğa
132,Pyridoxine 5′-phosphate oxidase
133,Kym Jackson
134,Gemma Hayes
135,Sally Nelson Robins
136,Oberentfelden
137,Stephen Arnold (scientist)
138,Commons (Colombian political party)
139,List of minor planets: 329001–330000
140,Swimming at the 2008 Summer Olympics – Men's 100 metre breaststroke
141,Wibod
142,Oleksiy Ryabchyn
143,List of governors of the Isle of Wight
144,Greg Wilton
145,Ryan O'Reily
146,WCMN-FM
147,List of My Babysitter's a Vampire episodes
148,Barbara Kimenye
149,Cycling at the 2000 Summer Olympics – Men's team sprint
150,Beverley Guildhall
151,"Brihadisvara Temple, Thanjavur"
152,Charles John Carter
153,Van cherry
154,Bacup and Rawtenstall Grammar School
155,Edward German
156,Night Is the New Day
157,"Sand Creek, Wisconsin"
158,Robert Carpenter (cricketer)
159,StGiNU
160,Ohio State Route 546
161,Vandana Gupte
162,Adrian Constantin
163,Casey Bailey
164,Georgy Chicherin
165,Rise to Remain
166,David Koller
167,Mabel Newcomer
168,John Meller
169,Patrick MacSwiney
170,Märchen Mädchen
171,Uníos Hermanos Proletarios
172,Florina pepper
173,Why Not Me (album)
174,Zainab Al Askari
175,Adria TV
176,Spergo
177,Lucius Antonius Saturninus
178,Anisakidae
179,PolitiFact
180,List of college athletic programs in Maryland
181,Saskia Popescu
182,Mirik subdivision
183,Ash-shab yurid isqat an-nizam
184,Timurid dynasty
185,Mark Wadlow
186,Weather of 2017
187,Liaisons: Re-Imagining Sondheim from the Piano
188,Joseph Gilman (tackle)
189,The Sugar Shoppe
190,USS Redfin
191,Niamh Perry
192,List of Space Brothers characters
193,Allen Toussaint discography
194,Generation
195,Gotham Entertainment Group
196,Rotterdam Open
197,Maksim Vorobyov (painter)
198,Hinduism in Sri Lanka
199,"Gross, Nebraska"
200,Ian Whitcomb
201,Dougray Scott
202,Fouad Kamal Hussein
203,Fredrik
204,Riesa–Chemnitz railway
205,Alfred Hertz
206,Victoria Fuller (artist)
207,Edmund Burke (congressman)
208,Guerau de Massanet
209,Red-necked wallaby
210,Fort Hughes
211,Grosvenor Hodgkinson
212,The Bear's Tale
213,Committee of 48
214,Alfred Nobel University
215,Michael Kearns (computer scientist)
216,Marble Palace (Tehran)
217,"Mahina, French Polynesia"
218,Common Application
219,1983 Riojan regional election
220,Glynn Lunney
221,Batu Islands
222,Maurice Murphy (hurler)
223,Conrad Lally
224,Oberschöneweide
225,Maine Black Bears baseball
226,NORML New Zealand
227,The Skeptics Society
228,Albatross (instrumental)
229,"Symington, Biggar and Broughton Railway"
230,Hermann Hogeback
231,Koweta Mission Site
232,Louisiana Highway 19
233,"Binnsville, Mississippi"
234,Bangkay
235,13th Division
236,Texts from Bennett
237,Provisional National Government of the Southwestern Caucasus
238,Fort Amherst
239,It's Your Thing
240,Scipio Africanus (slave)
241,2011–12 Hazfi Cup
242,Indigofera
243,Moses Swaibu
244,Carl Schneider (soccer)
245,"The Old Hall Hotel, Coventry"
246,Ibiza (town)
247,Jim Bellamy
248,Lee Deok-hwa
249,2017–18 Yale Bulldogs women's basketball team
250,Pond Lane Flood Gates
251,Marlboro Metis Settlement
252,Bocydium globulare
253,Prosopis pallida
254,Rick Fay
255,Honda CBF125
256,2018 Auto Club 400
257,Little Landers
258,Metropolitan Railway electric locomotives
259,John Elsworth
260,Smith v. California
261,Pivot point (technical analysis)
262,Charles A. Small
263,George Washington Bolton
264,Lutter am Barenberge
265,Christopher Knight (actor)
266,Kujtim Çashku
267,The Kindred (film)
268,Integrated Management of Childhood Illness
269,Stormforce 10
270,Elisabeth Hasselbeck
271,Carlo Bellieni
272,Scorcher (video game)
273,"Daniel Knox, 6th Earl of Ranfurly"
274,Corruption in Ecuador
275,Anglian Combination
276,17th Irish Film & Television Awards
277,Yerres
278,Braak staging
279,"Dovray, Minnesota"
280,Jang Hee-mang
281,Carl Diercke
282,Fifi Baiden
283,Mental timeline
284,Toy Hunter
285,"2009 Tour de France, Stage 12 to Stage 21"
286,Sven Rosén (Pietist)
287,Nevada State Route 170
288,The Crossings at Northwest
289,Boetsap
290,Brachyceratops
291,Joaquín Niemann
292,Somalis in Denmark
293,2008–09 Derby County F.C. season
294,Marko Marinović
295,AJ-60A
296,"Greenwich, Prince Edward Island"
297,Episcopal Diocese of Maine
298,Ohariu-Belmont (New Zealand electorate)
299,Heinrich Hugo Karny
300,Antonio Ligabue
301,(I Would) Die for You
302,CALS Table Model
303,Hanna v. Plumer
304,House of George Sand
305,HMS Plucky (1916)
306,Martín Rico
307,Ruth Kattumuri
308,Bill Clarke (politician)
309,Gordon Tullock
310,Chris Anderson (baseball)
311,David Hollander (rabbi)
312,Latrodectus mactans
313,Kończyce Wielkie
314,Gian Paolo Lomazzo
315,Heartland (TV network)
316,61st Airlift Squadron
317,Raja Shiva Prasad College
318,European Council of Spatial Planners
319,"Mother, May I Sleep with Danger?"
320,Alien Shooter
321,Caladenia prolata
322,Bestwig
323,Insurrectionary anarchism
324,Above It All
325,Cooperative storage cloud
326,Paul Juda
327,Online exhibition
328,FK Brskovo
329,Percy Coleman
330,Chris Dicomidis
331,PS Tashmoo
332,Marcia White
333,Evening of Roses
334,Remington Model 10
335,"Mosher, Baltimore"
336,Heliotropium curassavicum
337,Misión Solidaria Manuela Espejo
338,Monastyrskyi Island
339,"Castle House, Dedham"
340,Rolf de Heer
341,Loot (2012 film)
342,What That Speed Bout!?
343,Oskar Simon
344,2004 Durand Cup Final
345,1983 Anchorage runway collision
346,2430 A.D.
347,Zuoying HSR station
348,Preserved EMUs of Southern Railway
349,MELD-Plus
350,Eurofins Scientific
351,Charles Edwin Kaulbach
352,Michail Stifunin
353,Northcliff
354,John Plant (coach)
355,"Arques, Aude"
356,Eleonore von Schwarzenberg
357,Bree Schaaf
358,Gamal Hamza
359,Jean Taylor
360,Hörde
361,Serbian League
362,Đỗ Thị Hà
363,Paradise River waterfalls
364,Konrad Duden
365,Tahoe National Forest
366,Private transport
367,Greater Kota Kinabalu
368,So Cruel
369,Pithukuli Murugadas
370,Joseph Kingsbury (Dedham)
371,Magna Carta (An Embroidery)
372,Mel Sembler
373,Jean-Loup Huret
374,Joseph S. Bleymaier
375,There Goes My Baby (Charlie Wilson song)
376,Freak show fight
377,Hymn of Heaven (song)
378,Thomas S. Sprague House
379,The Menomonee Falls Guardian
380,Francisco Martín Moreno
381,Kedem Winery
382,Amy McDonald (Scottish footballer)
383,Shea Whigham
384,1968 in animation
385,Weather Eye
386,Pavel Cherenkov
387,Kathryn Magnolia Johnson
388,"Essex Street, London"
389,Everytime tha Beat Drop
390,Virginio Merola
391,Ever Decreasing Circles
392,Lawrence Weschler
393,John C. Reilly filmography
394,Old Meadowbank
395,When I Lost You
396,Gerald Parker
397,Salma Akhter
398,Mike Ulicny
399,Alejo Lascano Bahamonde
400,South Australian Railways locomotives 1–3
401,Walter Johannes Stein
402,Banglalion
403,The Pious Bird of Good Omen
404,Anton Malloth
405,Fawn M. Brodie
406,King Alfred's Academy
407,Piggly Wiggly
408,RMS Connaught (1897)
409,Cecil Wakeley
410,Micrelenchus huttonii
411,The Lord of the Rings: The Return of the King
412,Psalm 138
413,Port of Marín and Ria de Pontevedra
414,Dirty Work (1933 film)
415,Juha Reini
416,Anthony Randazzo
417,Kevin Nalty
418,Third Program of the CPSU
419,Adam & Eve (company)
420,1972 United States presidential election in Hawaii
421,Arthur Green (bishop)
422,2021 KBS Song Festival
423,Lusatia
424,TV Maria
425,Hillin of Falmagne
426,Tom Crutchfield
427,Pacey Witter
428,Blue box recycling system
429,Avvy Go
430,Dark Tower (game)
431,Nashik district
432,Summer Glau
433,Jamie Strange
434,Gwen Stefani discography
435,B. R. Ambedkar
436,Apparatus theory
437,Just War (novel)
438,Jo Einaar
439,If You Can't Hang
440,North Bank Division
441,Lincoln Keith Ingersoll
442,Kanab Creek
443,Fritz Greve
444,Ray Yeoman
445,Odise Roshi
446,Vande Bharat Express
447,Anthropometric measurement of the developing fetus
448,Under One Roof (2002 TV series)
449,Diez Minutos
450,Bohuslavice (Šumperk District)
451,Valdar
452,1791 in the United States
453,Randy Gardner sleep deprivation experiment
454,My Secret Cache
455,Harrison Bergeron (film)
456,Sergio and Sergei
457,Vail Resorts
458,Twilight (warez)
459,Kathleen M. O'Malley
460,Monique Rabin
461,Conrad Noll
462,"Kali Bari, Shimla"
463,2021–22 Liga Nacional de Guatemala
464,Jens Esmark
465,Wossen Seged
466,Alexander Shaw (Canadian politician)
467,I Kill My Heart
468,Aarhus University Department of Computer Science
469,Justices of the Peace Act 1361
470,Right to Privacy verdict
471,1940 in Argentina
472,Bromley Rural District
473,Apophthegmatum opus
474,Alarm in the Circus
475,Geoffrey Howard (cricketer)
476,John Steere
477,Low Key (Ally Brooke song)
478,"St. Michael's Church, Hamburg"
479,Faculty of Law of Paris
480,J. Howard McGrath
481,In Coena Domini
482,Edward Barradall
483,Roy Roedger
484,Malcolm Browne
485,2010 Indonesia Super Series
486,Medical Tactical Training Program
487,"Government Engineering College, Thrissur"
488,Jeevana Jyothi (1987 film)
489,Mario Sports Superstars
490,Voyageur Hiking Trail
491,Acacia gardneri
492,Meritas (law)
493,West Ealing railway station
494,Andrew Tallon
495,Les Automatistes
496,"St Mary, Our Lady of Victories Church, Dundee"
497,"Brule County, South Dakota"
498,Cairngorm Club
499,Lydia Lloyd-Henry
